difficulty,pass_num,total_num,accuracy
easy,3,4,0.75
easy,4,4,1.0
easy,3,4,0.75
easy,3,4,0.75
easy,3,4,0.75
medium,11,17,0.6470588235294118
medium,10,17,0.5882352941176471
medium,12,17,0.7058823529411765
medium,11,17,0.6470588235294118
medium,9,17,0.5294117647058824
hard,4,12,0.3333333333333333
hard,5,12,0.4166666666666667
hard,2,12,0.1666666666666666
hard,6,12,0.5
hard,5,12,0.4166666666666667
