difficulty,pass_num,total_num,accuracy
easy,3,4,0.75
easy,4,4,1.0
easy,3,4,0.75
easy,3,4,0.75
easy,4,4,1.0
medium,13,17,0.7647058823529411
medium,10,17,0.5882352941176471
medium,10,17,0.5882352941176471
medium,9,17,0.5294117647058824
medium,8,17,0.4705882352941176
hard,4,12,0.3333333333333333
hard,5,12,0.4166666666666667
hard,7,12,0.5833333333333334
hard,5,12,0.4166666666666667
hard,7,12,0.5833333333333334
