difficulty,pass_num,total_num,accuracy
easy,3,4,0.75
medium,13,17,0.7647058823529411
hard,4,12,0.3333333333333333
