difficulty,pass_num,total_num,accuracy
easy,3,4,0.75
medium,11,17,0.6470588235294118
hard,4,12,0.3333333333333333
